epoch,time,train/box_loss,train/seg_loss,train/cls_loss,train/dfl_loss,metrics/precision(B),metrics/recall(B),metrics/mAP50(B),metrics/mAP50-95(B),metrics/precision(M),metrics/recall(M),metrics/mAP50(M),metrics/mAP50-95(M),val/box_loss,val/seg_loss,val/cls_loss,val/dfl_loss,lr/pg0,lr/pg1,lr/pg2
1,470.976,2.18577,4.04396,3.20307,2.23418,0.00953,0.10053,0.00871,0.00273,0.00171,0.01608,0.00147,0.00042,2.35464,12.2392,130.219,3.73623,0.000542437,0.000542437,0.000542437
2,845.666,2.26603,3.69102,2.57155,2.25016,0.0004,0.08039,0.00025,6e-05,0,0,0,0,nan,nan,nan,nan,0.00109593,0.00109593,0.00109593
3,1202.5,2.22827,3.49555,2.26593,2.19882,0.06826,0.48861,0.05006,0.015,0.04446,0.23206,0.02475,0.00614,2.41878,7.49645,1029.22,5.54986,0.00164722,0.00164722,0.00164722
4,1587.26,2.13071,3.4597,2.08359,2.18298,0.52414,0.09646,0.00635,0.0014,0.50382,0.01527,0.00079,0.00013,nan,nan,nan,nan,0.0016571,0.0016571,0.0016571
5,1937.88,2.11674,3.37927,1.96318,2.13575,0.02612,0.01367,0.00641,0.00209,0,0,0,0,nan,nan,nan,nan,0.0016538,0.0016538,0.0016538
6,2270.56,2.03533,3.25185,1.8707,2.01407,0.37075,0.35802,0.24912,0.07087,0.35054,0.29805,0.20347,0.04766,2.64687,6.09733,28.2509,3.05454,0.0016505,0.0016505,0.0016505
7,2606.66,2.01913,3.1819,1.86835,2.03119,0.2974,0.435,0.3438,0.12982,0.27065,0.3652,0.26995,0.07746,2.23912,3.93683,7.10763,2.29018,0.0016472,0.0016472,0.0016472
8,2966.6,1.97571,3.23226,1.84294,1.9886,0.39716,0.47343,0.37091,0.14745,0.34099,0.3187,0.26223,0.09691,2.00407,4.17138,6.62168,2.06807,0.0016439,0.0016439,0.0016439
9,3332.46,1.93664,3.19615,1.75341,1.97803,0.45282,0.49781,0.43362,0.18159,0.41941,0.44736,0.38356,0.1336,1.79842,3.24996,13.3568,2.02222,0.00164059,0.00164059,0.00164059
10,3634.64,1.85591,3.13679,1.64933,1.9153,0.4853,0.64661,0.5697,0.23919,0.44198,0.58487,0.4866,0.16716,1.72143,3.11477,14.5371,1.91294,0.00163729,0.00163729,0.00163729
11,3994.55,1.87935,3.07214,1.6155,1.91275,0.41718,0.60503,0.51857,0.21057,0.37556,0.54983,0.4539,0.1601,1.88242,3.26129,6.01736,1.97839,0.00163399,0.00163399,0.00163399
12,4307.05,1.90167,3.05831,1.60667,1.89354,0.48611,0.57038,0.47206,0.20364,0.46456,0.54391,0.44437,0.1617,1.81315,2.90898,11.1929,1.98614,0.00163069,0.00163069,0.00163069
13,4649.88,1.81153,3.03626,1.54241,1.88373,0.49433,0.70465,0.60351,0.2653,0.48137,0.67013,0.55574,0.20141,1.70049,2.90205,8.78845,1.83378,0.00162739,0.00162739,0.00162739
14,5012.14,1.81193,3.01842,1.5406,1.86353,0.58672,0.67125,0.62475,0.28362,0.56598,0.64573,0.5802,0.22318,1.75451,2.75093,6.52555,1.84689,0.00162409,0.00162409,0.00162409
15,5359.76,1.82134,3.01128,1.50932,1.87195,0.60342,0.67663,0.61704,0.29133,0.58131,0.65579,0.57651,0.22208,1.69123,2.77195,9.41935,1.77086,0.00162079,0.00162079,0.00162079
16,5677.31,1.8084,2.95869,1.55369,1.8585,0.3982,0.65416,0.5015,0.20971,0.38388,0.59236,0.44806,0.16197,1.85503,3.10598,9.84925,1.9766,0.00161749,0.00161749,0.00161749
17,6023.63,1.79176,2.92337,1.5236,1.83043,0.63642,0.6427,0.59751,0.29346,0.60916,0.61589,0.5616,0.21568,1.65504,2.77353,16.3473,1.75914,0.00161419,0.00161419,0.00161419
18,6358.34,1.78254,2.88079,1.48341,1.8537,0.27678,0.60708,0.28069,0.12445,0.28149,0.56624,0.28301,0.12135,1.82748,3.14132,57.3104,1.88514,0.00161089,0.00161089,0.00161089
19,6734.75,1.72148,2.87221,1.46653,1.7911,0.30061,0.47321,0.2925,0.14769,0.30131,0.4387,0.29299,0.13386,2.08334,3.37731,49.598,2.16644,0.00160759,0.00160759,0.00160759
20,7099.4,1.73597,2.87854,1.41899,1.81078,0.50514,0.72006,0.58664,0.27484,0.46387,0.66314,0.49807,0.18581,1.79564,2.85008,10.8747,1.95295,0.00160429,0.00160429,0.00160429
21,7462.95,1.77498,2.93785,1.43154,1.86561,0.54277,0.72934,0.6382,0.2937,0.5177,0.70212,0.60401,0.23277,1.68076,2.59601,8.75001,1.82649,0.00160099,0.00160099,0.00160099
22,7813.44,1.74146,2.89313,1.39266,1.77196,0.58748,0.67742,0.61197,0.26071,0.54014,0.62677,0.54198,0.19818,1.74848,2.86,16.374,1.86494,0.00159769,0.00159769,0.00159769
23,8185,1.72117,2.89604,1.37149,1.75804,0.32434,0.50546,0.37056,0.19233,0.32417,0.48876,0.36508,0.16603,1.78201,3.11558,22.9872,1.84776,0.00159439,0.00159439,0.00159439
24,8518.2,1.67383,2.8344,1.36688,1.73587,0.54476,0.56017,0.56032,0.27578,0.52869,0.54886,0.52367,0.21489,1.79336,2.73418,5.02604,1.84628,0.00159108,0.00159108,0.00159108
25,8881.26,1.68886,2.78875,1.38074,1.76444,0.60201,0.74335,0.66818,0.32214,0.58953,0.72187,0.64051,0.25261,1.65769,2.55715,5.93734,1.79133,0.00158778,0.00158778,0.00158778
26,9214.07,1.66937,2.79756,1.36281,1.74121,0.66343,0.74047,0.69089,0.35079,0.65213,0.70288,0.6532,0.26796,1.61472,2.67113,6.58395,1.72042,0.00158448,0.00158448,0.00158448
27,9546.94,1.69162,2.75585,1.34592,1.74354,0.64086,0.77349,0.70098,0.34562,0.65455,0.74341,0.67763,0.28085,1.60792,2.52729,7.27211,1.70462,0.00158118,0.00158118,0.00158118
28,9878.69,1.68403,2.81717,1.36463,1.77048,0.60167,0.77121,0.71024,0.3578,0.5923,0.75282,0.68374,0.28135,1.56701,2.49297,8.80829,1.69703,0.00157788,0.00157788,0.00157788
29,10254.4,1.69705,2.86843,1.35251,1.76902,0.65493,0.75128,0.70481,0.36836,0.64314,0.73114,0.67942,0.27488,1.53038,2.60023,8.1856,1.66924,0.00157458,0.00157458,0.00157458
30,10651.5,1.68378,2.80841,1.29833,1.74385,0.63923,0.76864,0.7048,0.35199,0.62121,0.74538,0.66727,0.27474,1.66218,2.51753,5.5682,1.71422,0.00157128,0.00157128,0.00157128
31,10951.9,1.63877,2.73032,1.29885,1.70221,0.65594,0.74865,0.69193,0.34966,0.63484,0.73069,0.65696,0.26731,1.60876,2.60827,6.36069,1.67537,0.00156798,0.00156798,0.00156798
32,11314.3,1.69832,2.78792,1.31964,1.71667,0.60489,0.76067,0.6721,0.33841,0.58359,0.73303,0.63969,0.26979,1.57452,2.52209,8.35053,1.6775,0.00156468,0.00156468,0.00156468
33,11675.7,1.61265,2.7144,1.2266,1.70197,0.67853,0.79024,0.71553,0.3655,0.66856,0.77588,0.69234,0.27704,1.60297,2.47067,7.4888,1.69621,0.00156138,0.00156138,0.00156138
34,12034.2,1.68874,2.74414,1.26769,1.73313,0.6852,0.8033,0.72251,0.37364,0.68027,0.78349,0.7087,0.29364,1.57515,2.47177,6.79034,1.67813,0.00155808,0.00155808,0.00155808
35,12361.6,1.62544,2.77763,1.35936,1.74859,0.69006,0.80165,0.7364,0.39622,0.68571,0.78402,0.71501,0.31801,1.48679,2.43203,7.43013,1.64734,0.00155478,0.00155478,0.00155478
36,12683.7,1.68427,2.80269,1.34645,1.77387,0.70833,0.77009,0.72035,0.37558,0.68328,0.73311,0.67343,0.26933,1.52225,2.62533,6.98266,1.63248,0.00155148,0.00155148,0.00155148
37,13055.5,1.65655,2.73092,1.2597,1.74486,0.67211,0.75235,0.68932,0.3687,0.6533,0.7306,0.66485,0.28434,1.55545,2.49351,9.18546,1.67106,0.00154818,0.00154818,0.00154818
38,13401.7,1.65206,2.78451,1.2681,1.74687,0.6815,0.81491,0.72091,0.3798,0.67117,0.79981,0.69679,0.30557,1.56728,2.44891,5.78712,1.67067,0.00154488,0.00154488,0.00154488
39,13747.7,1.67385,2.75845,1.34678,1.74946,0.65985,0.61348,0.65006,0.33368,0.61811,0.57865,0.60336,0.25006,1.65723,2.76019,6.64907,1.74468,0.00154157,0.00154157,0.00154157
40,14083.6,1.62962,2.78676,1.27494,1.70731,0.5156,0.2279,0.21391,0.10651,0.45611,0.22956,0.18519,0.08709,2.58371,4.81457,7.41972,2.91028,0.00153827,0.00153827,0.00153827
41,14455.8,1.59524,2.69349,1.22688,1.67363,0.66148,0.74596,0.69812,0.35175,0.6449,0.72506,0.66963,0.28482,1.60571,2.45396,7.332,1.71885,0.00153497,0.00153497,0.00153497
42,14827.9,1.59157,2.69236,1.23609,1.6768,0.70852,0.80336,0.73884,0.3991,0.67896,0.78392,0.70616,0.30645,1.47571,2.40864,6.75865,1.58454,0.00153167,0.00153167,0.00153167
43,15151.5,1.58084,2.67102,1.2301,1.66904,0.65943,0.82147,0.73197,0.39425,0.65281,0.79436,0.71118,0.30805,1.50856,2.41723,6.39753,1.6522,0.00152837,0.00152837,0.00152837
44,15425.9,1.57457,2.59569,1.20123,1.68168,0.69259,0.72966,0.68945,0.35526,0.66239,0.71509,0.65065,0.27221,1.61691,2.55492,7.40244,1.74032,0.00152507,0.00152507,0.00152507
45,15738.2,1.60924,2.66973,1.22539,1.71236,0.68364,0.81592,0.73827,0.40425,0.67886,0.80221,0.71869,0.31748,1.4549,2.34124,6.80245,1.60949,0.00152177,0.00152177,0.00152177
46,16095.1,1.53618,2.58524,1.18292,1.64483,0.58505,0.58024,0.60805,0.33386,0.58277,0.54469,0.58815,0.26263,1.58878,2.58363,6.09111,1.68284,0.00151847,0.00151847,0.00151847
47,16434.6,1.59426,2.62384,1.17654,1.67244,0.71031,0.807,0.75261,0.42917,0.71234,0.79585,0.7362,0.34744,1.43616,2.32316,5.97436,1.56765,0.00151517,0.00151517,0.00151517
48,16772.3,1.56209,2.60621,1.18514,1.66421,0.69021,0.82725,0.74982,0.41135,0.68118,0.8055,0.71496,0.3202,1.48762,2.33452,6.24582,1.59356,0.00151187,0.00151187,0.00151187
49,17117.3,1.50938,2.6053,1.20346,1.65724,0.72071,0.78584,0.74548,0.42196,0.7033,0.77649,0.72079,0.34253,1.47066,2.36014,5.12551,1.6048,0.00150857,0.00150857,0.00150857
50,17428.5,1.56901,2.63813,1.19795,1.65039,0.70347,0.77411,0.7305,0.39301,0.69315,0.7612,0.71516,0.31412,1.4252,2.3217,5.92224,1.54219,0.00150527,0.00150527,0.00150527
51,17797.5,1.53719,2.6485,1.18682,1.63432,0.69793,0.81442,0.75328,0.40898,0.68081,0.77899,0.71585,0.30528,1.52965,2.59446,4.92952,1.62157,0.00150197,0.00150197,0.00150197
52,18162.7,1.57727,2.64312,1.17088,1.63171,0.69854,0.78262,0.73139,0.40114,0.68867,0.75239,0.69922,0.31774,1.46444,2.46966,5.14799,1.58691,0.00149867,0.00149867,0.00149867
53,18513,1.52549,2.60072,1.19761,1.64871,0.68206,0.8316,0.75715,0.42208,0.6747,0.81301,0.74268,0.34056,1.36795,2.31525,6.912,1.52404,0.00149537,0.00149537,0.00149537
54,18841,1.52057,2.64668,1.18612,1.65468,0.70314,0.81086,0.74422,0.41269,0.68975,0.79478,0.71715,0.32945,1.40203,2.30112,5.48343,1.55895,0.00149207,0.00149207,0.00149207
55,19233.3,1.51156,2.56679,1.14302,1.63014,0.68356,0.79432,0.72572,0.41168,0.66844,0.76872,0.68934,0.3039,1.44023,2.4076,5.23295,1.53956,0.00148876,0.00148876,0.00148876
56,19558.9,1.47875,2.56696,1.15844,1.5776,0.67996,0.73161,0.70111,0.37639,0.66256,0.71312,0.67055,0.30045,1.6106,2.49455,5.11212,1.72383,0.00148546,0.00148546,0.00148546
57,19935.3,1.54488,2.63116,1.17062,1.65599,0.69189,0.7848,0.73258,0.39579,0.67195,0.76225,0.6991,0.30698,1.52809,2.378,4.66694,1.63095,0.00148216,0.00148216,0.00148216
58,20251.2,1.51521,2.56049,1.13639,1.63153,0.71923,0.81364,0.77353,0.45293,0.70855,0.79886,0.75337,0.36808,1.35628,2.21618,6.70401,1.51502,0.00147886,0.00147886,0.00147886
59,20602.6,1.51441,2.57642,1.13797,1.62478,0.6907,0.86103,0.771,0.43663,0.67697,0.83479,0.74547,0.35226,1.38701,2.2644,7.47417,1.50932,0.00147556,0.00147556,0.00147556
60,20997.5,1.48816,2.58603,1.18262,1.57821,0.58877,0.68662,0.67663,0.36663,0.564,0.64986,0.62834,0.27606,1.5672,2.56873,5.33506,1.67666,0.00147226,0.00147226,0.00147226
61,21399.7,1.50125,2.6058,1.16669,1.60948,0.73288,0.84263,0.77982,0.44333,0.71821,0.82661,0.75359,0.36701,1.3587,2.25628,7.41472,1.51323,0.00146896,0.00146896,0.00146896
62,21734.8,1.51228,2.57057,1.1332,1.61687,0.6792,0.77979,0.75394,0.41699,0.67662,0.77261,0.74397,0.34232,1.45216,2.32231,5.03648,1.61529,0.00146566,0.00146566,0.00146566
63,22122.2,1.49552,2.58309,1.14636,1.5995,0.72801,0.84053,0.78022,0.45794,0.71426,0.81874,0.75033,0.3629,1.32975,2.26818,7.91157,1.47534,0.00146236,0.00146236,0.00146236
64,22455.1,1.48935,2.58726,1.14358,1.58894,0.71334,0.8664,0.78661,0.4469,0.70068,0.85113,0.76591,0.36655,1.39409,2.23968,6.20532,1.51821,0.00145906,0.00145906,0.00145906
65,22802.9,1.5115,2.49486,1.11121,1.59698,0.73653,0.82264,0.7812,0.44942,0.72956,0.8098,0.76206,0.35796,1.33899,2.22636,6.5302,1.50255,0.00145576,0.00145576,0.00145576
66,23110.8,1.4733,2.56181,1.12913,1.59894,0.74137,0.80872,0.77366,0.44711,0.7363,0.80395,0.75961,0.35624,1.36723,2.24944,6.48361,1.51571,0.00145246,0.00145246,0.00145246
67,23417.6,1.46791,2.52379,1.07852,1.57932,0.71762,0.84648,0.78785,0.45781,0.72588,0.82007,0.76878,0.36667,1.33827,2.24692,5.97582,1.50058,0.00144916,0.00144916,0.00144916
68,23762.2,1.50916,2.51162,1.09991,1.61803,0.71033,0.7574,0.75316,0.41738,0.70763,0.75069,0.75095,0.34558,1.47427,2.36021,4.62864,1.6353,0.00144586,0.00144586,0.00144586
69,24154.2,1.45267,2.50437,1.13612,1.60071,0.70955,0.77785,0.77579,0.45868,0.69698,0.75715,0.75092,0.3561,1.36531,2.41705,4.29398,1.50746,0.00144256,0.00144256,0.00144256
70,24475.1,1.46171,2.50756,1.10819,1.55916,0.7293,0.83217,0.79073,0.46134,0.7107,0.80737,0.7663,0.36793,1.31187,2.17609,6.43449,1.49211,0.00143925,0.00143925,0.00143925
71,24844.8,1.50459,2.52841,1.1279,1.60617,0.72724,0.85067,0.78773,0.45209,0.71221,0.83405,0.7621,0.35868,1.35657,2.18433,6.90651,1.48828,0.00143595,0.00143595,0.00143595
72,25187.7,1.49222,2.49879,1.12663,1.60285,0.71284,0.85228,0.79616,0.45992,0.70842,0.83091,0.77099,0.36282,1.3556,2.2865,5.80465,1.53498,0.00143265,0.00143265,0.00143265
73,25526.5,1.44083,2.49619,1.10233,1.5757,0.72337,0.84323,0.80584,0.48093,0.7124,0.82956,0.78781,0.39667,1.28473,2.12759,7.23677,1.45336,0.00142935,0.00142935,0.00142935
74,25874.1,1.40869,2.49884,1.06027,1.54816,0.71547,0.79974,0.77948,0.46019,0.70004,0.78775,0.7527,0.35939,1.32354,2.24294,8.6837,1.46625,0.00142605,0.00142605,0.00142605
75,26233.1,1.41905,2.43284,1.23283,1.53664,0.69231,0.8413,0.78488,0.45832,0.67888,0.81637,0.76217,0.36068,1.36876,2.18649,6.50164,1.50426,0.00142275,0.00142275,0.00142275
76,26561.8,1.50435,2.56217,1.1151,1.6281,0.67759,0.69294,0.67344,0.35919,0.65022,0.65436,0.62651,0.27825,1.61911,2.52053,4.84368,1.72743,0.00141945,0.00141945,0.00141945
77,26950.1,1.46526,2.53769,1.12266,1.60149,0.66976,0.86236,0.80484,0.4777,0.65558,0.84066,0.77751,0.36367,1.31785,2.31846,5.34973,1.49294,0.00141615,0.00141615,0.00141615
78,27315.5,1.45213,2.44494,1.08404,1.6048,0.7252,0.88025,0.80321,0.47472,0.71802,0.85632,0.78237,0.38973,1.32155,2.16663,6.26126,1.48881,0.00141285,0.00141285,0.00141285
79,27688.6,1.44175,2.49423,1.05919,1.56518,0.75618,0.8757,0.82518,0.49228,0.74881,0.86154,0.80583,0.39429,1.37251,2.20262,6.22688,1.51355,0.00140955,0.00140955,0.00140955
80,28034.8,1.47061,2.45156,1.13522,1.57834,0.76031,0.85165,0.80443,0.46974,0.74215,0.83235,0.77522,0.38269,1.38585,2.21588,5.92567,1.52933,0.00140625,0.00140625,0.00140625
81,28386.9,1.44993,2.41328,1.06799,1.55354,0.74974,0.86232,0.82032,0.48937,0.74402,0.84307,0.80096,0.40127,1.31706,2.20649,5.93735,1.48575,0.00140295,0.00140295,0.00140295
82,28692.3,1.42315,2.42701,1.04167,1.55634,0.67769,0.79211,0.75542,0.42049,0.6538,0.73722,0.70278,0.3273,1.5095,2.58937,4.60372,1.63497,0.00139965,0.00139965,0.00139965
83,29056.3,1.45576,2.41332,1.11192,1.60441,0.71194,0.81978,0.80835,0.47322,0.69468,0.79827,0.7848,0.38624,1.3507,2.25747,6.0069,1.51741,0.00139635,0.00139635,0.00139635
84,29381.8,1.41608,2.45977,1.08504,1.53919,0.78433,0.82509,0.82547,0.50402,0.77367,0.81211,0.80891,0.40963,1.26011,2.17809,6.37652,1.42738,0.00139305,0.00139305,0.00139305
85,29764.6,1.41864,2.47464,1.05736,1.5634,0.75626,0.84222,0.80247,0.48201,0.7398,0.84136,0.79085,0.39145,1.29572,2.20121,6.9494,1.46146,0.00138974,0.00138974,0.00138974
86,30134.4,1.38456,2.43396,1.04524,1.52467,0.72752,0.82117,0.81306,0.48854,0.72027,0.81502,0.80282,0.41091,1.30765,2.13199,7.53061,1.48639,0.00138644,0.00138644,0.00138644
87,30569.2,1.43911,2.47715,1.08196,1.55747,0.7717,0.81638,0.82184,0.49275,0.74919,0.80348,0.79787,0.4004,1.31791,2.18474,6.17064,1.46332,0.00138314,0.00138314,0.00138314
88,30978.8,1.40401,2.45402,1.04471,1.52854,0.74272,0.82406,0.81876,0.49353,0.73549,0.80588,0.79583,0.39431,1.30347,2.18708,5.32467,1.4478,0.00137984,0.00137984,0.00137984
89,31352.6,1.44822,2.42835,1.00838,1.54896,0.76733,0.83657,0.83086,0.51835,0.76025,0.82581,0.8163,0.42127,1.27074,2.12546,6.64097,1.45057,0.00137654,0.00137654,0.00137654
90,31751.3,1.41245,2.44001,1.04936,1.55502,0.75487,0.87093,0.84419,0.53249,0.74405,0.86133,0.8285,0.43548,1.22492,2.06552,6.77868,1.41331,0.00137324,0.00137324,0.00137324
91,32095.7,1.44014,2.42117,1.03309,1.55275,0.77351,0.83604,0.8346,0.50992,0.76469,0.8264,0.82226,0.41778,1.2425,2.13388,6.47838,1.41572,0.00136994,0.00136994,0.00136994
92,32483.7,1.41004,2.40059,1.02848,1.5405,0.75291,0.84924,0.80135,0.46284,0.74134,0.83433,0.77947,0.37966,1.4106,2.21535,5.68758,1.55572,0.00136664,0.00136664,0.00136664
93,32794,1.40265,2.45172,1.04911,1.56057,0.71527,0.84019,0.8153,0.4856,0.70574,0.82733,0.80401,0.40523,1.29425,2.09803,6.4907,1.46853,0.00136334,0.00136334,0.00136334
94,33152.4,1.39431,2.37345,1.01003,1.52179,0.76562,0.86465,0.84364,0.52555,0.75594,0.85012,0.83436,0.42803,1.245,2.09634,5.86042,1.41442,0.00136004,0.00136004,0.00136004
95,33472.5,1.39163,2.36591,1.00544,1.52108,0.56186,0.50603,0.5292,0.26343,0.52783,0.43594,0.45252,0.20333,1.86673,3.37911,2.95184,1.99659,0.00135674,0.00135674,0.00135674
96,33814.3,1.37182,2.42176,1.02402,1.51416,0.75212,0.85018,0.82238,0.50819,0.74953,0.83973,0.80571,0.41342,1.27914,2.10027,6.05547,1.43253,0.00135344,0.00135344,0.00135344
97,34122.6,1.40547,2.41227,1.03839,1.5423,0.77224,0.85742,0.8275,0.51906,0.75897,0.84295,0.8066,0.40778,1.22511,2.15405,5.95453,1.41108,0.00135014,0.00135014,0.00135014
98,34487.5,1.38923,2.39511,1.02184,1.53697,0.77882,0.86872,0.84364,0.54301,0.7766,0.8647,0.83512,0.44943,1.18212,2.08168,5.54582,1.3771,0.00134684,0.00134684,0.00134684
99,34847.1,1.38951,2.38548,0.99491,1.50758,0.71285,0.78933,0.78864,0.47402,0.69688,0.77004,0.76774,0.37258,1.36126,2.35334,4.36599,1.49262,0.00134354,0.00134354,0.00134354
100,35212.9,1.39207,2.38849,1.0121,1.52037,0.74774,0.88662,0.83874,0.52515,0.7413,0.87715,0.82631,0.43522,1.23569,2.11987,5.81697,1.41334,0.00134023,0.00134023,0.00134023
101,35573.6,1.38046,2.41555,0.97739,1.51179,0.59593,0.34208,0.42874,0.21418,0.46704,0.25954,0.3186,0.14548,2.06782,3.92947,3.20025,2.15137,0.00133693,0.00133693,0.00133693
102,35922.2,1.32681,2.33408,1.00826,1.48348,0.70882,0.81387,0.78437,0.4765,0.6974,0.79733,0.76404,0.38743,1.29959,2.18882,5.86634,1.47371,0.00133363,0.00133363,0.00133363
103,36308.6,1.33284,2.34426,0.96755,1.4734,0.42994,0.19992,0.26696,0.14509,0.33096,0.19144,0.23064,0.11233,2.23445,3.6712,3.93179,2.36687,0.00133033,0.00133033,0.00133033
104,36661.9,1.3348,2.37864,0.97179,1.47621,0.59597,0.2889,0.39706,0.20728,0.5469,0.25973,0.33823,0.14808,1.84475,3.50222,3.04329,1.995,0.00132703,0.00132703,0.00132703
105,37027,1.33814,2.38155,0.97291,1.46408,0.71743,0.82647,0.81083,0.49995,0.70729,0.80959,0.79381,0.39594,1.29585,2.24282,4.41301,1.44219,0.00132373,0.00132373,0.00132373
106,37382.9,1.39204,2.40236,1.0043,1.51565,0.7538,0.89761,0.86553,0.55885,0.75012,0.88945,0.85236,0.46947,1.15962,2.01324,6.14787,1.35536,0.00132043,0.00132043,0.00132043
107,37749.6,1.35762,2.39111,1.00487,1.49874,0.78683,0.88436,0.86663,0.5511,0.77685,0.86766,0.85564,0.45181,1.19143,2.06269,7.39016,1.37344,0.00131713,0.00131713,0.00131713
108,38071.4,1.3624,2.43187,1.01763,1.52482,0.79612,0.88817,0.8508,0.53758,0.7902,0.88174,0.83886,0.44138,1.1943,2.00836,7.38894,1.384,0.00131383,0.00131383,0.00131383
109,38421.4,1.3618,2.34212,0.98763,1.492,0.7841,0.88475,0.8459,0.55265,0.77774,0.87751,0.83423,0.45502,1.17728,1.97032,6.74783,1.36032,0.00131053,0.00131053,0.00131053
110,38750.8,1.37648,2.34869,0.98302,1.51089,0.75844,0.88086,0.84573,0.5277,0.75267,0.86535,0.82876,0.43376,1.20601,2.06446,6.16882,1.37007,0.00130723,0.00130723,0.00130723
111,39125.7,1.3452,2.31008,0.97419,1.48849,0.79834,0.88425,0.87536,0.57128,0.79181,0.87853,0.86619,0.47599,1.17384,1.9927,6.15968,1.34836,0.00130393,0.00130393,0.00130393
112,39460.5,1.34877,2.33015,0.9704,1.48098,0.78427,0.89219,0.86137,0.55555,0.77106,0.88255,0.8478,0.45476,1.17304,1.99489,6.74986,1.34545,0.00130063,0.00130063,0.00130063
113,39801.8,1.32588,2.32688,0.95421,1.47871,0.54119,0.3727,0.40755,0.20965,0.51782,0.33567,0.36395,0.16007,1.69518,3.01281,2.8658,1.87625,0.00129733,0.00129733,0.00129733
114,40136.4,1.34811,2.31547,0.96411,1.47844,0.79792,0.89599,0.87342,0.57185,0.7906,0.89684,0.86769,0.48871,1.17848,1.98262,6.63548,1.36125,0.00129403,0.00129403,0.00129403
115,40475.7,1.3464,2.37279,0.98185,1.47526,0.7871,0.90077,0.87027,0.57062,0.78385,0.89155,0.86833,0.47423,1.1218,1.94944,6.19958,1.32321,0.00129072,0.00129072,0.00129072
116,40820.9,1.30956,2.27626,0.93312,1.44292,0.30967,0.10892,0.12121,0.0675,0.21903,0.10281,0.10509,0.05538,2.50881,6.22192,5.15781,2.86832,0.00128742,0.00128742,0.00128742
117,41143.8,1.33699,2.30946,0.9783,1.47519,0.74636,0.79482,0.80578,0.51568,0.74504,0.78573,0.79071,0.41438,1.2024,2.20937,3.19592,1.39111,0.00128412,0.00128412,0.00128412
118,41470,1.33579,2.40366,0.95038,1.48904,0.76236,0.91374,0.87272,0.57635,0.75474,0.90585,0.86534,0.47789,1.15877,1.9538,5.93016,1.33856,0.00128082,0.00128082,0.00128082
119,41784.2,1.31219,2.32082,0.96543,1.44752,0.7976,0.8859,0.87656,0.56598,0.79324,0.87676,0.86523,0.46855,1.20366,2.01965,5.90536,1.369,0.00127752,0.00127752,0.00127752
120,42156.8,1.31312,2.29991,0.94037,1.46662,0.72642,0.75132,0.7543,0.43771,0.71353,0.72996,0.727,0.3603,1.42952,2.3009,3.89978,1.56657,0.00127422,0.00127422,0.00127422
121,42499.5,1.29498,2.26463,0.95905,1.4559,0.77781,0.86825,0.86099,0.56433,0.77375,0.85525,0.84901,0.47239,1.16248,1.97218,6.27682,1.33653,0.00127092,0.00127092,0.00127092
122,42886.6,1.28942,2.25531,0.92354,1.44848,0.7638,0.88546,0.86049,0.56723,0.7615,0.88099,0.85172,0.47026,1.16967,2.01882,6.13367,1.37401,0.00126762,0.00126762,0.00126762
123,43215.7,1.28523,2.25378,0.93457,1.44471,0.70265,0.24449,0.45252,0.25912,0.32821,0.50041,0.41481,0.20976,1.75444,3.33165,3.91705,1.93065,0.00126432,0.00126432,0.00126432
124,43601,1.2929,2.27627,0.94515,1.42929,0.76906,0.80052,0.82019,0.53579,0.77135,0.79896,0.81285,0.43578,1.22036,2.20277,4.03939,1.40191,0.00126102,0.00126102,0.00126102
125,43993.6,1.29081,2.25618,0.96457,1.43928,0.79562,0.89654,0.87966,0.58222,0.78913,0.88833,0.86561,0.4749,1.15735,2.00296,5.43457,1.35384,0.00125772,0.00125772,0.00125772
126,44347.4,1.29522,2.25594,0.93997,1.44718,0.79353,0.89065,0.87952,0.57407,0.79111,0.88852,0.87333,0.48168,1.16072,1.91646,7.4216,1.34811,0.00125442,0.00125442,0.00125442
127,44720.3,1.30513,2.2372,0.93558,1.43602,0.79889,0.9274,0.89025,0.59439,0.81077,0.9035,0.88674,0.50376,1.10168,1.92319,6.85552,1.30265,0.00125112,0.00125112,0.00125112
128,45078,1.29185,2.29709,0.94547,1.44634,0.79722,0.92135,0.89953,0.59792,0.79095,0.9096,0.89075,0.49046,1.1429,1.96358,5.65847,1.32989,0.00124782,0.00124782,0.00124782
129,45427.4,1.2922,2.28029,0.93502,1.45434,0.79781,0.93176,0.89156,0.60508,0.79159,0.92453,0.88237,0.50326,1.08767,1.89768,6.93972,1.29578,0.00124452,0.00124452,0.00124452
130,45755,1.28435,2.27024,0.9066,1.44271,0.79168,0.924,0.88725,0.60043,0.79042,0.91877,0.88346,0.48813,1.11177,1.9399,6.09245,1.31079,0.00124121,0.00124121,0.00124121
131,46083.9,1.26219,2.22653,0.9054,1.40157,0.79897,0.91673,0.89586,0.5933,0.7896,0.90623,0.88279,0.49118,1.13018,1.96276,6.57472,1.33734,0.00123791,0.00123791,0.00123791
132,46435.1,1.35116,2.24631,0.95514,1.48756,0.80562,0.90355,0.9027,0.61374,0.80086,0.89793,0.89705,0.51049,1.07399,1.89355,6.35377,1.30073,0.00123461,0.00123461,0.00123461
133,46766.9,1.24639,2.2511,0.88657,1.41288,0.80783,0.91421,0.89596,0.59619,0.80367,0.90428,0.88701,0.50437,1.13185,1.94441,6.31124,1.32333,0.00123131,0.00123131,0.00123131
134,47110.3,1.28676,2.19311,0.90731,1.4544,0.80341,0.92562,0.8851,0.57854,0.79099,0.90845,0.8706,0.48142,1.15229,2.01242,5.88037,1.35303,0.00122801,0.00122801,0.00122801
135,47417.3,1.23907,2.29424,0.89308,1.42013,0.80348,0.93517,0.89596,0.60139,0.80313,0.9357,0.89454,0.50642,1.08181,1.8739,6.65318,1.29949,0.00122471,0.00122471,0.00122471
136,47764.9,1.24638,2.24468,0.8861,1.42486,0.81728,0.92038,0.90085,0.6244,0.81682,0.91963,0.8993,0.52062,1.05155,1.82618,5.53533,1.26907,0.00122141,0.00122141,0.00122141
137,48137.2,1.25235,2.22155,0.89563,1.41193,0.79552,0.78252,0.83661,0.54212,0.787,0.77083,0.8146,0.43249,1.21661,2.21414,4.35501,1.39501,0.00121811,0.00121811,0.00121811
138,48454.1,1.28998,2.21581,0.87011,1.44962,0.79146,0.92995,0.89594,0.61465,0.80455,0.89869,0.89347,0.50386,1.0636,1.87428,6.53265,1.26649,0.00121481,0.00121481,0.00121481
139,48807.3,1.28209,2.24466,0.90138,1.43775,0.78312,0.86673,0.87119,0.5928,0.77983,0.86271,0.86436,0.48676,1.10288,1.96175,5.65647,1.30261,0.00121151,0.00121151,0.00121151
140,49126.5,1.22792,2.16112,0.8914,1.41332,0.81518,0.9417,0.90743,0.61506,0.81347,0.93645,0.90171,0.50887,1.12025,1.88705,5.71632,1.32103,0.00120821,0.00120821,0.00120821
141,49539.1,1.25055,2.21869,0.87553,1.41295,0.80264,0.94245,0.89573,0.60379,0.79624,0.9336,0.88732,0.51308,1.08847,1.87884,5.86878,1.30413,0.00120491,0.00120491,0.00120491
142,49882,1.24756,2.20923,0.88987,1.41511,0.80371,0.90888,0.90342,0.61679,0.7999,0.90486,0.89712,0.52324,1.13442,1.89475,4.76555,1.32692,0.00120161,0.00120161,0.00120161
143,50278,1.21181,2.22719,0.86559,1.38664,0.80657,0.92036,0.90251,0.61601,0.80062,0.91312,0.89278,0.50503,1.09084,1.91611,5.80742,1.30302,0.00119831,0.00119831,0.00119831
144,50598.4,1.20672,2.23155,0.8692,1.39921,0.79317,0.92959,0.89423,0.61017,0.78832,0.92236,0.88563,0.50104,1.0668,1.92235,3.98695,1.30093,0.00119501,0.00119501,0.00119501
145,50953.6,1.25312,2.22814,0.88021,1.42231,0.82851,0.93029,0.92175,0.63332,0.82626,0.92466,0.91886,0.53628,1.04637,1.81954,6.53251,1.25397,0.0011917,0.0011917,0.0011917
146,51337.5,1.21786,2.13593,0.85239,1.3989,0.81031,0.93676,0.911,0.6284,0.80677,0.93441,0.90904,0.52755,1.07729,1.84189,5.97968,1.26907,0.0011884,0.0011884,0.0011884
147,51670,1.20634,2.16968,0.83883,1.39545,0.79922,0.93921,0.90027,0.6103,0.79577,0.93519,0.89393,0.52106,1.09787,1.83554,6.01719,1.30696,0.0011851,0.0011851,0.0011851
148,51996.5,1.23053,2.15373,0.85373,1.40792,0.84987,0.89692,0.90854,0.62948,0.84502,0.89294,0.90366,0.5275,1.03944,1.83634,6.48905,1.26271,0.0011818,0.0011818,0.0011818
149,52369.4,1.19688,2.14892,0.8319,1.36788,0.81425,0.94351,0.91461,0.64879,0.80707,0.94207,0.9107,0.54672,1.01128,1.81213,5.97687,1.23966,0.0011785,0.0011785,0.0011785
150,52762.3,1.20681,2.1033,0.88847,1.38534,0.83937,0.92676,0.91451,0.64862,0.83424,0.9206,0.90945,0.54085,1.01856,1.81142,6.50324,1.23512,0.0011752,0.0011752,0.0011752
151,53069,1.19264,2.14926,0.83573,1.39032,0.81829,0.9214,0.9047,0.6424,0.81397,0.91657,0.89853,0.53507,1.02647,1.79595,6.49601,1.2437,0.0011719,0.0011719,0.0011719
152,53408.8,1.22176,2.16899,0.87156,1.39493,0.78297,0.86882,0.87027,0.57628,0.77781,0.86083,0.86062,0.4929,1.1699,1.99296,3.9369,1.36323,0.0011686,0.0011686,0.0011686
153,53757.2,1.19896,2.1002,1.08532,1.36011,0.78944,0.8731,0.87887,0.60271,0.79133,0.85399,0.86896,0.49295,1.09501,2.00424,4.25621,1.30175,0.0011653,0.0011653,0.0011653
154,54117.4,1.21515,2.15023,0.83086,1.39524,0.81312,0.94415,0.90609,0.63298,0.80843,0.93763,0.89703,0.53822,1.05276,1.87184,5.74861,1.26851,0.001162,0.001162,0.001162
155,54463.8,1.16878,2.17444,0.84934,1.35654,0.82696,0.92886,0.9058,0.64663,0.82834,0.92381,0.90295,0.5453,0.96666,1.76491,6.98667,1.20072,0.0011587,0.0011587,0.0011587
156,54813.8,1.19251,2.15977,0.85456,1.37356,0.81433,0.94653,0.92274,0.6509,0.81291,0.95161,0.92272,0.55948,1.00309,1.77126,5.20741,1.22415,0.0011554,0.0011554,0.0011554
157,55137.9,1.2056,2.13225,0.8813,1.39264,0.78363,0.8819,0.88338,0.59497,0.78224,0.88029,0.8809,0.48688,1.13052,1.99128,4.54287,1.3372,0.0011521,0.0011521,0.0011521
158,55497.9,1.20937,2.13238,0.82361,1.38948,0.83212,0.94965,0.92698,0.66476,0.82664,0.94282,0.92187,0.55399,0.9691,1.76667,5.67853,1.21192,0.0011488,0.0011488,0.0011488
159,55862.5,1.19295,2.15989,0.87087,1.38193,0.86415,0.92683,0.92869,0.65536,0.86163,0.9214,0.92542,0.55184,0.98594,1.77777,6.75659,1.21506,0.0011455,0.0011455,0.0011455
160,56215.1,1.16928,2.14202,0.80794,1.34876,0.83563,0.93913,0.91739,0.66223,0.84259,0.92645,0.9132,0.54714,0.94803,1.77133,6.59221,1.19279,0.0011422,0.0011422,0.0011422
161,56629.1,1.16627,2.12204,0.80582,1.36125,0.81037,0.93313,0.91443,0.64687,0.8032,0.92884,0.90889,0.53362,1.02072,1.84824,5.51321,1.23718,0.00113889,0.00113889,0.00113889
162,56963.3,1.1571,2.1051,0.81481,1.36064,0.81987,0.88348,0.89964,0.63563,0.81912,0.88268,0.89669,0.53369,1.01066,1.82191,5.40435,1.2407,0.00113559,0.00113559,0.00113559
163,57327.5,1.16277,2.14549,0.79577,1.37515,0.82739,0.91396,0.92123,0.64912,0.82269,0.90625,0.91531,0.55798,1.03503,1.79032,5.22312,1.26302,0.00113229,0.00113229,0.00113229
164,57643,1.15431,2.04376,0.82795,1.34578,0.83512,0.93431,0.9263,0.66406,0.83933,0.92326,0.92537,0.56153,0.97511,1.70599,6.31457,1.2087,0.00112899,0.00112899,0.00112899
165,57987.9,1.15144,2.10801,0.81269,1.36402,0.83271,0.94939,0.92839,0.65669,0.8306,0.94569,0.92456,0.55288,0.97415,1.788,5.21751,1.21166,0.00112569,0.00112569,0.00112569
166,58359.5,1.16645,2.16899,0.84353,1.37947,0.82065,0.91014,0.90423,0.62388,0.81883,0.90612,0.89851,0.52473,1.09768,1.87059,5.34167,1.29742,0.00112239,0.00112239,0.00112239
167,58772.5,1.14364,2.10262,0.81213,1.34479,0.83398,0.94222,0.92595,0.66716,0.84093,0.93106,0.92385,0.55989,0.97426,1.76742,6.14998,1.21677,0.00111909,0.00111909,0.00111909
168,59130.5,1.14153,2.12403,0.76656,1.33087,0.85303,0.9035,0.92096,0.664,0.85155,0.90189,0.91885,0.55879,0.95506,1.73826,6.74854,1.19994,0.00111579,0.00111579,0.00111579
169,59462.9,1.18488,2.12678,0.8202,1.3907,0.81633,0.93246,0.9126,0.63957,0.8117,0.9239,0.90624,0.53132,1.04307,1.90682,4.60228,1.26848,0.00111249,0.00111249,0.00111249
170,59824.7,1.16684,2.097,0.82623,1.34771,0.84448,0.93049,0.9263,0.67517,0.8419,0.92648,0.92481,0.57208,0.9617,1.72845,5.78736,1.19278,0.00110919,0.00110919,0.00110919
171,60196.5,1.15118,2.09232,0.80222,1.352,0.8674,0.93607,0.94408,0.69338,0.86391,0.93313,0.94128,0.5875,0.95126,1.69082,5.48798,1.19227,0.00110589,0.00110589,0.00110589
172,60531.5,1.15918,2.09426,0.82624,1.34769,0.74533,0.76589,0.80205,0.50489,0.73509,0.74734,0.78907,0.42441,1.27107,2.05071,4.39491,1.44693,0.00110259,0.00110259,0.00110259
173,60880.5,1.15507,2.08818,0.80418,1.33744,0.83428,0.94813,0.93096,0.67518,0.8328,0.94469,0.92882,0.57127,0.96114,1.72817,5.72643,1.20648,0.00109929,0.00109929,0.00109929
174,61257.4,1.1686,2.09878,0.83643,1.35435,0.82406,0.93001,0.92735,0.64305,0.82048,0.91408,0.91827,0.53264,1.05845,1.89461,4.57527,1.25938,0.00109599,0.00109599,0.00109599
175,61633.9,1.15761,2.11444,0.83149,1.35196,0.83422,0.94593,0.92851,0.67709,0.83197,0.94352,0.92685,0.57706,0.96561,1.7313,4.44739,1.2057,0.00109269,0.00109269,0.00109269
176,61966.5,1.13718,2.07474,0.81043,1.31883,0.83426,0.89884,0.92109,0.65064,0.83108,0.89525,0.91506,0.55748,1.01629,1.8072,5.13705,1.23492,0.00108938,0.00108938,0.00108938
177,62335.2,1.11624,2.01638,0.78864,1.32338,0.86786,0.93955,0.94121,0.69177,0.86843,0.93955,0.94078,0.59173,0.95235,1.67351,5.26902,1.18763,0.00108608,0.00108608,0.00108608
178,62691,1.13864,2.06617,0.80202,1.32925,0.88395,0.92311,0.9416,0.70358,0.88319,0.92231,0.94135,0.59619,0.89537,1.66603,5.80896,1.15807,0.00108278,0.00108278,0.00108278
179,63083.2,1.08025,1.97261,0.76042,1.29153,0.86063,0.93225,0.94191,0.67948,0.86115,0.92772,0.93913,0.58252,0.95759,1.71621,4.51158,1.19717,0.00107948,0.00107948,0.00107948
180,63412.9,1.13968,2.08093,0.80372,1.35175,0.89212,0.93358,0.94314,0.70283,0.88928,0.9286,0.94061,0.59144,0.90722,1.66472,5.86852,1.15829,0.00107618,0.00107618,0.00107618
181,63807.5,1.11642,2.03265,0.79949,1.31701,0.85125,0.94433,0.93353,0.66672,0.84615,0.93865,0.92968,0.57619,1.01213,1.71174,4.80532,1.22426,0.00107288,0.00107288,0.00107288
182,64165.9,1.10818,2.01059,0.79064,1.31651,0.83488,0.96131,0.94151,0.71367,0.83265,0.9589,0.94128,0.60288,0.86927,1.62674,5.43862,1.1297,0.00106958,0.00106958,0.00106958
183,64546.9,1.12743,2.03923,0.79863,1.32407,0.87875,0.94196,0.95013,0.70361,0.88219,0.94523,0.9523,0.59542,0.91197,1.64069,6.08957,1.16198,0.00106628,0.00106628,0.00106628
184,64890.2,1.10803,2.02412,0.79277,1.29218,0.87239,0.95169,0.94082,0.68838,0.86967,0.94706,0.93747,0.57864,0.94828,1.68527,5.76435,1.18121,0.00106298,0.00106298,0.00106298
185,65220.1,1.12606,2.05139,0.76583,1.30825,0.86225,0.95629,0.94093,0.69548,0.85753,0.94738,0.93649,0.58706,0.93544,1.67782,6.42768,1.17148,0.00105968,0.00105968,0.00105968
186,65542.1,1.1407,2.0899,0.78108,1.34833,0.8758,0.96833,0.94748,0.71846,0.87203,0.96426,0.94478,0.61858,0.8652,1.60913,5.82794,1.12463,0.00105638,0.00105638,0.00105638
187,65883.2,1.13097,2.06214,0.79009,1.32712,0.87396,0.95293,0.94721,0.70668,0.87375,0.9494,0.9468,0.61392,0.89988,1.63885,5.43739,1.15554,0.00105308,0.00105308,0.00105308
188,66223.4,1.15446,2.02829,0.82634,1.37185,0.86818,0.96307,0.93702,0.70844,0.86725,0.96049,0.93672,0.59243,0.90343,1.66973,5.79359,1.15325,0.00104978,0.00104978,0.00104978
189,66607,1.13378,2.0616,0.79654,1.31749,0.88625,0.96305,0.94656,0.7253,0.88332,0.95984,0.94416,0.61334,0.84581,1.579,5.95821,1.11447,0.00104648,0.00104648,0.00104648
190,66931.3,1.04567,1.97856,0.7441,1.28304,0.85261,0.96437,0.949,0.71145,0.87664,0.93659,0.94767,0.59731,0.90681,1.64338,7.09454,1.14949,0.00104318,0.00104318,0.00104318
191,67226.9,1.07863,2.00556,0.75641,1.27953,0.85887,0.90939,0.93084,0.66958,0.85531,0.90698,0.92437,0.56226,0.99924,1.79073,4.8681,1.2211,0.00103987,0.00103987,0.00103987
192,67559.1,1.10233,1.97912,0.77702,1.29222,0.86566,0.92798,0.94167,0.68954,0.86857,0.90853,0.93303,0.59473,1.00316,1.74672,4.48679,1.21477,0.00103657,0.00103657,0.00103657
193,67946.7,1.08899,2.00263,0.76913,1.31348,0.86427,0.96491,0.94575,0.71281,0.86205,0.96224,0.94564,0.60671,0.87746,1.65527,5.38387,1.13177,0.00103327,0.00103327,0.00103327
194,68292.6,1.06953,1.97984,0.74086,1.29321,0.88287,0.92928,0.93946,0.68999,0.88137,0.92767,0.93842,0.59939,0.9477,1.65941,5.14717,1.17972,0.00102997,0.00102997,0.00102997
195,68672.4,1.08197,2.02157,0.7364,1.31481,0.88081,0.95451,0.94852,0.72133,0.87626,0.94964,0.94768,0.61224,0.87316,1.60563,5.8215,1.12534,0.00102667,0.00102667,0.00102667
196,69017.3,1.10274,2.01721,0.77171,1.31524,0.89575,0.95031,0.95939,0.73927,0.89176,0.94798,0.95778,0.63464,0.81896,1.56221,5.46452,1.0999,0.00102337,0.00102337,0.00102337
197,69378.5,1.0949,1.95772,0.75194,1.307,0.87825,0.95665,0.95357,0.70945,0.87594,0.95322,0.95223,0.60278,0.93714,1.7114,5.46841,1.18169,0.00102007,0.00102007,0.00102007
198,69727.9,1.0896,1.97238,0.74804,1.3065,0.87557,0.97653,0.95209,0.73253,0.87823,0.97475,0.95211,0.62327,0.85527,1.58772,4.78166,1.13206,0.00101677,0.00101677,0.00101677
199,70077.6,1.06014,1.98518,0.76628,1.27571,0.84639,0.92542,0.92988,0.65998,0.83192,0.93086,0.92266,0.56039,1.03693,1.81225,3.87289,1.26297,0.00101347,0.00101347,0.00101347
200,70451.5,1.08463,1.9279,0.72577,1.28904,0.84373,0.93586,0.93327,0.6819,0.8414,0.93265,0.93047,0.59387,0.97525,1.72989,3.80022,1.20613,0.00101017,0.00101017,0.00101017
201,70765.8,1.06795,1.97659,0.76646,1.25701,0.89223,0.95885,0.96471,0.7352,0.89192,0.9551,0.9645,0.64119,0.83262,1.55125,4.89202,1.09994,0.00100687,0.00100687,0.00100687
202,71118,1.07492,1.98195,0.74172,1.29426,0.91586,0.95209,0.96195,0.74494,0.91639,0.95176,0.96188,0.63052,0.80319,1.54821,5.70234,1.08175,0.00100357,0.00100357,0.00100357
203,71478.4,1.08409,1.99101,0.76091,1.28896,0.89507,0.94465,0.95884,0.74096,0.89316,0.94224,0.95845,0.62731,0.82539,1.59026,4.8274,1.09565,0.00100027,0.00100027,0.00100027
204,71798.4,1.04676,1.96612,0.75105,1.27491,0.91079,0.95095,0.96507,0.74621,0.91079,0.95095,0.96523,0.63359,0.82192,1.56033,5.11034,1.09791,0.000996966,0.000996966,0.000996966
205,72165.6,1.06174,1.99327,0.77676,1.28227,0.87214,0.92507,0.93821,0.69664,0.86946,0.92124,0.9354,0.59445,0.93276,1.67353,4.40424,1.17529,0.000993665,0.000993665,0.000993665
206,72525.3,1.06733,2.0021,0.79275,1.29855,0.91142,0.96493,0.9622,0.73174,0.91054,0.96253,0.96184,0.62628,0.82711,1.55192,5.36067,1.09643,0.000990365,0.000990365,0.000990365
207,72831.3,1.04586,1.91595,0.73376,1.27407,0.86465,0.88917,0.93379,0.69355,0.86284,0.88655,0.93122,0.59151,0.94308,1.68014,5.4217,1.18032,0.000987064,0.000987064,0.000987064
208,73185.4,1.00537,1.91313,0.69257,1.24776,0.80578,0.83481,0.8962,0.65832,0.80375,0.8324,0.89047,0.55653,0.96616,1.79424,5.64339,1.21087,0.000983763,0.000983763,0.000983763
209,73510.5,1.05403,1.93179,0.71961,1.26963,0.91277,0.95785,0.96152,0.74946,0.91227,0.95657,0.9614,0.64161,0.796,1.51242,5.07807,1.08099,0.000980463,0.000980463,0.000980463
210,73870.9,1.06421,1.94237,0.72852,1.27221,0.89266,0.96597,0.95443,0.74254,0.89192,0.96516,0.95393,0.63031,0.81867,1.52109,5.14944,1.09103,0.000977162,0.000977162,0.000977162
211,74177.3,1.06346,1.93017,0.73706,1.275,0.89799,0.94447,0.95466,0.73155,0.89653,0.94287,0.95375,0.62181,0.86893,1.6091,5.72061,1.12228,0.000973861,0.000973861,0.000973861
212,74548.3,1.04796,1.91443,0.73023,1.26854,0.87926,0.9394,0.95159,0.72,0.87634,0.93619,0.94783,0.61042,0.88314,1.62327,4.65255,1.13527,0.000970561,0.000970561,0.000970561
213,74873.7,1.04598,1.96301,0.70392,1.26855,0.80364,0.88501,0.91159,0.68228,0.79936,0.87987,0.90386,0.57147,0.94836,1.8145,3.83231,1.18431,0.00096726,0.00096726,0.00096726
214,75289,1.05547,1.91944,0.7033,1.28351,0.90085,0.969,0.97048,0.75671,0.90042,0.96811,0.97037,0.65713,0.81282,1.49979,5.26078,1.08973,0.000963959,0.000963959,0.000963959
215,75656.8,1.05487,1.94593,0.71559,1.26375,0.86882,0.90838,0.94213,0.69944,0.8654,0.90436,0.93773,0.59515,0.91482,1.7078,3.75171,1.16776,0.000960659,0.000960659,0.000960659
216,76022.5,1.03536,1.93532,0.71645,1.25348,0.91005,0.96037,0.96947,0.75497,0.90858,0.95877,0.96889,0.65434,0.782,1.50358,4.89,1.05942,0.000957358,0.000957358,0.000957358
217,76389.8,1.0221,1.90464,0.69124,1.24015,0.91443,0.96215,0.97081,0.7526,0.91263,0.95648,0.97049,0.6466,0.80465,1.50911,4.96254,1.07824,0.000954057,0.000954057,0.000954057
218,76720.3,1.0181,1.90301,0.70239,1.25043,0.91358,0.96691,0.9684,0.76556,0.91358,0.96691,0.9684,0.65388,0.77428,1.483,5.15789,1.06628,0.000950757,0.000950757,0.000950757
219,77074.7,1.03473,1.90594,0.69647,1.25882,0.91893,0.9768,0.96201,0.7555,0.91893,0.9768,0.96201,0.64599,0.78515,1.48194,4.51504,1.06425,0.000947456,0.000947456,0.000947456
220,77461.9,1.03676,1.90698,0.69974,1.26123,0.91995,0.96954,0.96772,0.75701,0.9205,0.96914,0.96767,0.64866,0.79581,1.48547,4.56807,1.06888,0.000944155,0.000944155,0.000944155
221,77829,1.02997,1.92728,0.72924,1.25241,0.92891,0.9679,0.97123,0.76824,0.92891,0.9679,0.97123,0.66197,0.77892,1.45802,5.05858,1.06151,0.000940855,0.000940855,0.000940855
222,78196.3,1.01822,1.91332,0.69682,1.24872,0.91907,0.96587,0.96537,0.76244,0.91815,0.96754,0.96659,0.65371,0.78052,1.4802,5.43279,1.06409,0.000937554,0.000937554,0.000937554
223,78553.9,1.02268,1.85902,0.69183,1.24131,0.92033,0.9644,0.97072,0.77337,0.92033,0.9644,0.97072,0.65748,0.76287,1.46082,4.62949,1.05388,0.000934253,0.000934253,0.000934253
224,78943.7,1.04315,1.91091,0.69585,1.26964,0.93111,0.95418,0.97168,0.76605,0.92963,0.95257,0.97137,0.65858,0.76091,1.46526,5.08994,1.05106,0.000930953,0.000930953,0.000930953
225,79355.6,1.02438,1.92041,0.71467,1.24986,0.92702,0.97976,0.97384,0.77139,0.92702,0.97976,0.97384,0.66891,0.78345,1.4833,4.46814,1.06733,0.000927652,0.000927652,0.000927652
226,79701.5,0.98596,1.85415,0.6726,1.21106,0.87719,0.93752,0.95138,0.7256,0.88305,0.92703,0.95236,0.63082,0.87976,1.62965,3.64607,1.12997,0.000924352,0.000924352,0.000924352
227,80094.7,1.00373,1.8561,0.69479,1.22856,0.9159,0.96963,0.97294,0.77024,0.91924,0.9712,0.97409,0.66383,0.7524,1.45544,4.87331,1.04704,0.000921051,0.000921051,0.000921051
228,80477.2,0.97738,1.88354,0.67285,1.21905,0.87987,0.93216,0.95559,0.70594,0.87948,0.93235,0.95223,0.61602,0.96099,1.6751,4.48961,1.18616,0.00091775,0.00091775,0.00091775
229,80887.7,1.02075,1.91067,0.70824,1.2485,0.90238,0.95591,0.96724,0.74621,0.90166,0.9551,0.96736,0.64566,0.8614,1.56322,4.73645,1.12523,0.00091445,0.00091445,0.00091445
230,81263,0.98588,1.83827,0.67099,1.2136,0.93006,0.97133,0.97734,0.77791,0.93006,0.97133,0.97734,0.67479,0.74205,1.42515,4.92392,1.03944,0.000911149,0.000911149,0.000911149
231,81625.7,0.99888,1.86113,0.68125,1.23008,0.9223,0.97322,0.96772,0.7723,0.9223,0.97573,0.96798,0.6618,0.74242,1.45312,4.28586,1.03945,0.000907848,0.000907848,0.000907848
232,81938.4,0.98345,1.88033,0.68517,1.22525,0.92053,0.96753,0.97545,0.78652,0.91742,0.96765,0.97555,0.68884,0.73522,1.41615,4.15985,1.03007,0.000904548,0.000904548,0.000904548
233,82292.6,0.99531,1.85203,0.6922,1.21962,0.85723,0.9394,0.94104,0.68538,0.86003,0.94127,0.93932,0.58992,0.97896,1.6637,4.00256,1.19556,0.000901247,0.000901247,0.000901247
234,82620.1,1.00111,1.87352,0.67878,1.24114,0.92689,0.97889,0.97601,0.79517,0.92922,0.98221,0.97618,0.68269,0.72253,1.40305,5.02799,1.02189,0.000897946,0.000897946,0.000897946
235,82970.1,0.96316,1.84671,0.66737,1.20218,0.9265,0.97407,0.97838,0.7878,0.92576,0.97326,0.97829,0.68086,0.72983,1.43033,5.38386,1.02484,0.000894646,0.000894646,0.000894646
236,83346.2,0.99518,1.87126,0.68178,1.23297,0.90471,0.98394,0.97971,0.78476,0.90399,0.98313,0.97955,0.68026,0.74053,1.43444,3.69546,1.0289,0.000891345,0.000891345,0.000891345
237,83723.7,0.97225,1.79566,0.65594,1.21277,0.93347,0.94674,0.97644,0.79155,0.9315,0.94593,0.9759,0.67488,0.74955,1.46989,3.37353,1.04353,0.000888044,0.000888044,0.000888044
238,84041.4,0.96748,1.77349,0.8855,1.17259,0.8569,0.90254,0.93992,0.70314,0.85726,0.90259,0.93574,0.60493,0.92402,1.70061,4.21185,1.15506,0.000884744,0.000884744,0.000884744
239,84455.5,0.9915,1.88215,0.67577,1.21043,0.91138,0.96917,0.97628,0.78726,0.91067,0.96823,0.97621,0.68711,0.72514,1.41687,4.13855,1.0178,0.000881443,0.000881443,0.000881443
240,84809.1,0.98318,1.8208,0.67427,1.20749,0.90932,0.96988,0.9713,0.75455,0.91005,0.97069,0.97147,0.64555,0.82566,1.52814,4.05069,1.09171,0.000878142,0.000878142,0.000878142
241,85210.4,0.9938,1.83444,0.67469,1.20535,0.91617,0.98125,0.98054,0.79009,0.91759,0.97332,0.98054,0.68507,0.72629,1.40147,2.81054,1.02707,0.000874842,0.000874842,0.000874842
242,85525.8,0.93694,1.80247,0.63857,1.18131,0.9358,0.97814,0.98069,0.80077,0.9358,0.97814,0.98069,0.6871,0.70528,1.3902,3.69151,1.00737,0.000871541,0.000871541,0.000871541
243,85875.1,0.9576,1.79936,0.6387,1.19946,0.9267,0.97594,0.97835,0.79739,0.9267,0.97594,0.97835,0.68843,0.73047,1.40767,4.98218,1.02193,0.00086824,0.00086824,0.00086824
244,86244.7,0.97199,1.85073,0.66625,1.20755,0.89269,0.98738,0.9695,0.77776,0.89282,0.98853,0.96955,0.66941,0.7622,1.46074,4.3416,1.04684,0.00086494,0.00086494,0.00086494
245,86592.2,0.97,1.82268,0.65026,1.19818,0.93796,0.97085,0.97396,0.79298,0.93796,0.97085,0.97396,0.67897,0.7281,1.39443,4.55157,1.01918,0.000861639,0.000861639,0.000861639
246,86901.7,0.94456,1.82229,0.66127,1.20181,0.93992,0.97739,0.97747,0.79536,0.93992,0.97739,0.97747,0.68789,0.73427,1.401,4.07914,1.02528,0.000858338,0.000858338,0.000858338
247,87230.8,0.9495,1.8356,0.66367,1.18724,0.92166,0.98585,0.9829,0.80003,0.92166,0.98585,0.9829,0.70745,0.70864,1.38547,3.58679,1.01298,0.000855038,0.000855038,0.000855038
248,87561.6,0.95321,1.7959,0.6371,1.20124,0.94013,0.98763,0.98155,0.79791,0.93939,0.98683,0.98057,0.6995,0.69556,1.36822,4.01131,1.00333,0.000851737,0.000851737,0.000851737
249,87967.2,0.92064,1.80339,0.64711,1.17474,0.9198,0.98299,0.97695,0.78768,0.91909,0.98219,0.97647,0.69702,0.70796,1.39977,4.24616,1.01537,0.000848436,0.000848436,0.000848436
250,88318.5,0.95796,1.79302,0.64975,1.19278,0.93121,0.97958,0.97616,0.79729,0.93046,0.97877,0.9759,0.69104,0.72217,1.41793,3.12791,1.02987,0.000845136,0.000845136,0.000845136
251,88743.4,1.00307,1.82131,0.69692,1.26466,0.93908,0.96027,0.97886,0.80917,0.93908,0.96027,0.97886,0.69743,0.68886,1.38337,2.94065,1.00571,0.000841835,0.000841835,0.000841835
252,89141.9,0.96646,1.80318,0.66725,1.20279,0.93443,0.98618,0.98218,0.81662,0.93443,0.98618,0.9821,0.69882,0.66449,1.36105,3.31892,0.98592,0.000838534,0.000838534,0.000838534
253,89507.9,0.97768,1.76619,0.65601,1.20458,0.92604,0.99432,0.98331,0.81388,0.92604,0.99432,0.98331,0.70539,0.68186,1.36101,3.30307,0.99093,0.000835234,0.000835234,0.000835234
254,89843,0.93569,1.80514,0.64585,1.18774,0.93698,0.9604,0.97849,0.79328,0.93627,0.96058,0.97836,0.68623,0.75296,1.42913,3.1324,1.04105,0.000831933,0.000831933,0.000831933
255,90183.5,0.95282,1.79264,0.63859,1.18201,0.9278,0.97075,0.97757,0.78716,0.9278,0.97075,0.97746,0.67655,0.72393,1.40957,4.36185,1.0251,0.000828632,0.000828632,0.000828632
256,90516.3,0.94388,1.783,0.64754,1.18307,0.92835,0.9881,0.98179,0.8061,0.92835,0.9881,0.98179,0.69894,0.69022,1.34669,3.54369,0.99873,0.000825332,0.000825332,0.000825332
257,90874.9,0.93609,1.75798,0.63417,1.18542,0.94693,0.97536,0.98613,0.80795,0.94693,0.97536,0.98666,0.70666,0.70357,1.37095,3.30178,1.00579,0.000822031,0.000822031,0.000822031
258,91213,0.90042,1.74742,0.6186,1.17082,0.94061,0.98883,0.98385,0.81475,0.94061,0.98883,0.98385,0.69711,0.67352,1.33473,3.2265,0.98785,0.00081873,0.00081873,0.00081873
259,91555.3,0.93363,1.81029,0.63177,1.17578,0.94075,0.9821,0.98289,0.82012,0.94075,0.9821,0.98289,0.71422,0.67156,1.32883,3.76772,0.9811,0.00081543,0.00081543,0.00081543
260,91903.9,0.91003,1.7597,0.62003,1.15944,0.9489,0.97845,0.98644,0.81556,0.9489,0.97845,0.98644,0.70944,0.70701,1.35663,3.77862,0.99968,0.000812129,0.000812129,0.000812129
261,92270.5,0.91351,1.758,0.60687,1.1754,0.94236,0.99102,0.98502,0.81295,0.94162,0.99022,0.985,0.70805,0.67987,1.35249,3.89633,0.99214,0.000808828,0.000808828,0.000808828
262,92630.5,0.90031,1.75813,0.61242,1.16396,0.95053,0.98982,0.98672,0.81969,0.95053,0.98982,0.98672,0.71204,0.66896,1.31563,2.84093,0.98067,0.000805528,0.000805528,0.000805528
263,92967.8,0.94574,1.76207,0.63226,1.19315,0.96456,0.98254,0.98582,0.81018,0.96456,0.98254,0.98582,0.71188,0.6809,1.31235,3.0838,0.98604,0.000802227,0.000802227,0.000802227
264,93293.6,0.89218,1.77977,0.60976,1.17089,0.90693,0.92942,0.96054,0.75806,0.90547,0.92781,0.96012,0.65666,0.81649,1.53782,3.47886,1.08302,0.000798926,0.000798926,0.000798926
265,93633.4,0.92861,1.75861,0.6255,1.18021,0.93705,0.99237,0.98525,0.8192,0.93882,0.99352,0.98566,0.71662,0.67955,1.32056,3.75163,0.98619,0.000795626,0.000795626,0.000795626
266,93958.5,0.91894,1.74993,0.64638,1.17361,0.96081,0.98231,0.98831,0.83561,0.96046,0.98537,0.98833,0.71965,0.64111,1.2868,2.69407,0.96841,0.000792325,0.000792325,0.000792325
267,94292.5,0.93411,1.72722,0.66938,1.17375,0.9532,0.98064,0.98537,0.82363,0.9532,0.98064,0.98537,0.7107,0.68855,1.31067,3.32226,0.99276,0.000789024,0.000789024,0.000789024
268,94620.5,0.9215,1.73624,0.62165,1.17589,0.95651,0.98552,0.99025,0.8186,0.95651,0.98552,0.99025,0.71739,0.67564,1.31117,3.06935,0.98238,0.000785724,0.000785724,0.000785724
269,94965.5,0.93593,1.77659,0.6417,1.18105,0.85706,0.90769,0.94686,0.71447,0.85683,0.90743,0.94481,0.61592,0.92538,1.63266,2.69238,1.16062,0.000782423,0.000782423,0.000782423
270,95316.9,0.88062,1.72215,0.60143,1.14785,0.88921,0.87419,0.9366,0.69514,0.88644,0.87098,0.93096,0.58652,0.9469,1.72864,3.329,1.17896,0.000779122,0.000779122,0.000779122
271,95648,0.94034,1.75671,0.71309,1.18603,0.94409,0.99017,0.98859,0.82339,0.94783,0.98334,0.98859,0.71677,0.66735,1.31998,3.5823,0.97399,0.000775822,0.000775822,0.000775822
272,95996,0.92155,1.72624,0.61865,1.15396,0.95082,0.99518,0.98939,0.82759,0.95082,0.99518,0.98939,0.72114,0.64338,1.30227,2.80513,0.96576,0.000772521,0.000772521,0.000772521
273,96380.4,0.87987,1.70827,0.6122,1.13087,0.94409,0.97809,0.9867,0.80439,0.94409,0.97809,0.9867,0.70148,0.70103,1.35849,2.4908,1.00275,0.00076922,0.00076922,0.00076922
274,96735.8,0.87322,1.70523,0.59804,1.12831,0.95241,0.98457,0.98958,0.83019,0.95241,0.98457,0.98958,0.72226,0.64329,1.27633,2.82976,0.96529,0.00076592,0.00076592,0.00076592
275,97068.4,0.89539,1.74625,0.61838,1.16111,0.95328,0.9818,0.9892,0.82549,0.94988,0.97862,0.98878,0.71869,0.67169,1.29986,2.41982,0.98137,0.000762619,0.000762619,0.000762619
276,97396.7,0.8753,1.70802,0.61625,1.14494,0.9439,0.98553,0.98319,0.80371,0.9439,0.98553,0.98319,0.70607,0.71242,1.34651,2.39936,1.00664,0.000759318,0.000759318,0.000759318
277,97741.6,0.91127,1.74218,0.61073,1.16967,0.96109,0.97723,0.99028,0.83543,0.96109,0.97723,0.99028,0.73636,0.6208,1.25327,3.33613,0.94899,0.000756018,0.000756018,0.000756018
278,98123.9,0.87921,1.69959,0.597,1.14441,0.95953,0.99025,0.99167,0.8352,0.95953,0.99025,0.99167,0.7317,0.63021,1.24006,2.87209,0.95342,0.000752717,0.000752717,0.000752717
279,98468.4,0.87294,1.71062,0.59268,1.14664,0.95814,0.9882,0.99157,0.83411,0.95814,0.9882,0.99157,0.73068,0.62629,1.2462,2.64032,0.95254,0.000749417,0.000749417,0.000749417
280,98785,0.86021,1.6852,0.58753,1.13951,0.95007,0.99598,0.98852,0.82828,0.95049,0.99186,0.98852,0.71473,0.65166,1.26924,2.75719,0.96692,0.000746116,0.000746116,0.000746116
281,99106.3,0.89152,1.72473,0.60552,1.1511,0.95014,0.99352,0.99085,0.83168,0.95014,0.99352,0.99085,0.72788,0.65142,1.25282,3.54376,0.96438,0.000742815,0.000742815,0.000742815
282,99434,0.88965,1.71054,0.6095,1.14805,0.96042,0.97945,0.99043,0.83854,0.96042,0.97945,0.99043,0.73125,0.61084,1.24961,2.8423,0.9484,0.000739515,0.000739515,0.000739515
283,99812.9,0.87991,1.65093,0.58893,1.14274,0.95548,0.99211,0.99058,0.83524,0.95548,0.99211,0.99058,0.73492,0.6378,1.2598,2.66569,0.95824,0.000736214,0.000736214,0.000736214
284,100165,0.84261,1.66878,0.57701,1.11264,0.96478,0.99216,0.99159,0.84014,0.96478,0.99216,0.99159,0.73348,0.62608,1.25698,2.83176,0.95129,0.000732913,0.000732913,0.000732913
285,100510,0.87215,1.68563,0.5825,1.15398,0.94611,0.9907,0.98588,0.82119,0.94611,0.9907,0.98588,0.71621,0.67051,1.29921,2.71864,0.97743,0.000729613,0.000729613,0.000729613
286,100893,0.8841,1.71576,0.59885,1.15284,0.94625,0.98455,0.98757,0.83943,0.94625,0.98455,0.98757,0.73482,0.62011,1.24489,2.13379,0.95123,0.000726312,0.000726312,0.000726312
287,101289,0.84395,1.67135,0.57956,1.12542,0.964,0.9852,0.98843,0.83835,0.964,0.9852,0.98843,0.72356,0.62362,1.24582,2.07374,0.94989,0.000723011,0.000723011,0.000723011
288,101641,0.89451,1.71694,0.59318,1.14697,0.95116,0.99334,0.98997,0.83818,0.95116,0.99334,0.98997,0.72982,0.60848,1.2406,2.21966,0.9435,0.000719711,0.000719711,0.000719711
289,101981,0.87075,1.70698,0.61912,1.15063,0.95355,0.99191,0.98963,0.83543,0.95355,0.99191,0.98963,0.73531,0.62415,1.22921,2.70083,0.95092,0.00071641,0.00071641,0.00071641
290,102335,0.84583,1.63575,0.57131,1.14017,0.9565,0.98674,0.99041,0.8404,0.9565,0.98674,0.99041,0.73476,0.61634,1.23195,2.52231,0.94444,0.000713109,0.000713109,0.000713109
291,102724,0.86692,1.68009,0.60734,1.14986,0.96118,0.99191,0.99167,0.84032,0.96118,0.99191,0.99167,0.73564,0.62295,1.23039,2.3312,0.94701,0.000709809,0.000709809,0.000709809
292,103098,0.8538,1.65769,0.58519,1.12883,0.95154,0.9895,0.98986,0.82179,0.95154,0.9895,0.98986,0.72289,0.68808,1.31446,1.88648,0.98785,0.000706508,0.000706508,0.000706508
293,103451,0.88532,1.65988,0.61733,1.1484,0.94343,0.97075,0.98645,0.81892,0.94343,0.97075,0.98645,0.7144,0.6938,1.3264,2.46299,0.9888,0.000703207,0.000703207,0.000703207
294,103781,0.82978,1.6361,0.57915,1.11705,0.95076,0.98922,0.98872,0.8327,0.95076,0.98922,0.98872,0.73246,0.63725,1.25341,2.99847,0.95307,0.000699907,0.000699907,0.000699907
295,104158,0.87981,1.70322,0.59142,1.15162,0.9596,0.98518,0.9878,0.81875,0.9596,0.98518,0.9878,0.72526,0.67091,1.29668,2.07438,0.97265,0.000696606,0.000696606,0.000696606
296,104473,0.85883,1.65454,0.56241,1.13141,0.9591,0.98951,0.99175,0.8401,0.9591,0.98951,0.99175,0.74413,0.62673,1.2511,2.51023,0.94603,0.000693305,0.000693305,0.000693305
297,104810,0.83272,1.6598,0.56741,1.11404,0.97362,0.98057,0.99178,0.84498,0.97362,0.98057,0.99178,0.74618,0.61758,1.20727,1.66651,0.94499,0.000690005,0.000690005,0.000690005
298,105175,0.83479,1.63973,0.58798,1.13067,0.97731,0.98551,0.99327,0.84205,0.97731,0.98551,0.99327,0.74618,0.60571,1.19547,1.91954,0.93859,0.000686704,0.000686704,0.000686704
299,105529,0.84767,1.6566,0.54474,1.12242,0.97258,0.98869,0.99236,0.84865,0.97296,0.98799,0.99236,0.75269,0.59092,1.1986,1.86268,0.92974,0.000683403,0.000683403,0.000683403
300,105864,0.83237,1.62852,0.57253,1.10959,0.97341,0.99369,0.99229,0.8415,0.97451,0.99091,0.99229,0.74453,0.59097,1.18407,2.11807,0.92779,0.000680103,0.000680103,0.000680103
301,106230,0.8376,1.64899,0.55353,1.11739,0.97232,0.98963,0.99295,0.8461,0.97232,0.98963,0.99295,0.74576,0.60282,1.21508,2.17042,0.93624,0.000676802,0.000676802,0.000676802
302,106579,0.81699,1.66043,0.5629,1.10891,0.97637,0.98709,0.99111,0.84399,0.97637,0.98709,0.9915,0.74625,0.60332,1.20013,2.00983,0.93799,0.000673501,0.000673501,0.000673501
303,106990,0.81994,1.61491,0.54256,1.10344,0.97039,0.99025,0.99291,0.85653,0.97039,0.99025,0.99291,0.74376,0.58186,1.18406,2.12884,0.92456,0.000670201,0.000670201,0.000670201
304,107343,0.82112,1.65384,0.56346,1.10035,0.97962,0.98405,0.99326,0.84942,0.97962,0.98405,0.9936,0.74596,0.60371,1.20112,1.82014,0.93937,0.0006669,0.0006669,0.0006669
305,107729,0.83337,1.62286,0.67053,1.12278,0.97216,0.99202,0.99379,0.8456,0.97216,0.99202,0.99379,0.75105,0.58842,1.18515,1.8726,0.92896,0.000663599,0.000663599,0.000663599
306,108075,0.81237,1.57227,0.66572,1.08907,0.97178,0.98703,0.99163,0.85137,0.97178,0.98703,0.99163,0.74691,0.56699,1.17103,2.03218,0.91801,0.000660299,0.000660299,0.000660299
307,108453,0.79631,1.57657,0.84519,1.07856,0.97248,0.9893,0.9917,0.85376,0.97248,0.9893,0.9917,0.75069,0.5748,1.16997,1.95505,0.91989,0.000656998,0.000656998,0.000656998
308,108817,0.79519,1.62292,0.56153,1.0958,0.97529,0.98157,0.99267,0.84804,0.97529,0.98157,0.99267,0.74662,0.58803,1.1622,1.61436,0.92595,0.000653697,0.000653697,0.000653697
309,109174,0.80792,1.62406,0.5494,1.1115,0.98089,0.97614,0.99324,0.84513,0.98089,0.97614,0.99324,0.7527,0.58734,1.17524,1.75275,0.92535,0.000650397,0.000650397,0.000650397
310,109543,0.79122,1.55884,0.52644,1.08399,0.9716,0.99414,0.99335,0.85683,0.9716,0.99414,0.99335,0.76142,0.57257,1.15244,1.92113,0.91488,0.000647096,0.000647096,0.000647096
311,109908,0.8093,1.59361,0.5427,1.09333,0.97996,0.99678,0.99391,0.86097,0.97996,0.99678,0.99391,0.76118,0.5665,1.154,1.37444,0.91179,0.000643795,0.000643795,0.000643795
312,110313,0.81797,1.62338,0.55502,1.10889,0.97732,0.99759,0.99386,0.85737,0.97732,0.99759,0.99386,0.75935,0.57041,1.15876,1.73533,0.91122,0.000640495,0.000640495,0.000640495
313,110715,0.82361,1.56079,0.55299,1.10365,0.9746,0.99185,0.99315,0.85689,0.9746,0.99185,0.99315,0.75246,0.56816,1.16601,1.98792,0.90926,0.000637194,0.000637194,0.000637194
314,111049,0.79113,1.56448,0.52872,1.08828,0.97698,0.99494,0.99272,0.85261,0.98049,0.98869,0.99271,0.7524,0.59256,1.17253,1.58301,0.92087,0.000633893,0.000633893,0.000633893
315,111377,0.83895,1.57594,0.55587,1.09838,0.98083,0.99251,0.99249,0.85567,0.97955,0.98655,0.99249,0.7631,0.58119,1.1464,1.18456,0.91671,0.000630593,0.000630593,0.000630593
316,111710,0.84367,1.61837,0.5314,1.16034,0.97684,0.98065,0.99125,0.85323,0.97684,0.98065,0.99125,0.75117,0.59005,1.18974,1.56554,0.9264,0.000627292,0.000627292,0.000627292
317,112071,0.78464,1.5762,0.52288,1.09223,0.98081,0.98239,0.99149,0.85653,0.98081,0.98239,0.99149,0.76535,0.56217,1.16628,1.25136,0.91282,0.000623991,0.000623991,0.000623991
318,112389,0.81518,1.57146,0.53135,1.09383,0.9795,0.98522,0.99401,0.85701,0.9795,0.98522,0.99401,0.75994,0.57653,1.15522,1.83459,0.91642,0.000620691,0.000620691,0.000620691
319,112723,0.78609,1.55986,0.53079,1.09127,0.97794,0.98913,0.99377,0.85709,0.97794,0.98913,0.99377,0.76061,0.56575,1.17427,1.32763,0.91174,0.00061739,0.00061739,0.00061739
320,113102,0.81578,1.624,0.55459,1.10473,0.98238,0.99277,0.99276,0.86455,0.98238,0.99277,0.99276,0.764,0.54766,1.13339,0.75675,0.89774,0.000614089,0.000614089,0.000614089
321,113511,0.80135,1.59669,0.53548,1.08853,0.98251,0.99114,0.99254,0.86697,0.98251,0.99114,0.99254,0.76088,0.56233,1.13004,1.22269,0.90706,0.000610789,0.000610789,0.000610789
322,113882,0.81101,1.57239,0.53142,1.09148,0.98367,0.99412,0.99413,0.8728,0.98367,0.99412,0.99413,0.77124,0.55028,1.11459,1.13866,0.9006,0.000607488,0.000607488,0.000607488
323,114227,0.80364,1.5835,0.53015,1.08471,0.9806,0.99342,0.99392,0.85738,0.9806,0.99342,0.99392,0.75497,0.58544,1.19404,1.51664,0.92541,0.000604187,0.000604187,0.000604187
324,114574,0.80065,1.55366,0.53889,1.09816,0.97641,0.99678,0.99407,0.85843,0.97641,0.99678,0.99407,0.75996,0.5741,1.17904,1.82536,0.91881,0.000600887,0.000600887,0.000600887
325,114912,0.79144,1.57505,0.52242,1.0824,0.98655,0.99166,0.99452,0.86158,0.98655,0.99166,0.99452,0.76545,0.56927,1.14474,1.07883,0.91342,0.000597586,0.000597586,0.000597586
326,115272,0.79623,1.58824,0.54245,1.09049,0.97594,0.98826,0.99373,0.86015,0.97594,0.98826,0.99373,0.76842,0.562,1.15815,0.89622,0.91383,0.000594286,0.000594286,0.000594286
327,115641,0.77215,1.55796,0.50759,1.08797,0.98724,0.99437,0.99445,0.86576,0.98724,0.99437,0.99445,0.76015,0.5536,1.12655,0.86392,0.9031,0.000590985,0.000590985,0.000590985
328,116012,0.80014,1.54353,0.52425,1.10893,0.98088,0.98605,0.99442,0.85256,0.98088,0.98605,0.99442,0.76199,0.56976,1.15547,1.02397,0.91664,0.000587684,0.000587684,0.000587684
329,116363,0.8632,1.64428,0.58954,1.12702,0.97933,0.98939,0.99445,0.86926,0.97933,0.98939,0.99445,0.76939,0.54579,1.12438,1.53526,0.90233,0.000584384,0.000584384,0.000584384
330,116673,0.7735,1.53416,0.52036,1.08712,0.97997,0.99405,0.99399,0.86324,0.97997,0.99405,0.99399,0.76787,0.55863,1.14172,1.06713,0.90874,0.000581083,0.000581083,0.000581083
331,117029,0.78008,1.55372,0.5328,1.08468,0.97875,0.99839,0.99405,0.85345,0.97875,0.99839,0.99405,0.75814,0.57105,1.13297,1.3675,0.9111,0.000577782,0.000577782,0.000577782
332,117370,0.73407,1.4511,0.64895,1.03665,0.98573,0.99023,0.99434,0.86719,0.98573,0.99023,0.99434,0.76205,0.54753,1.11105,1.15674,0.89877,0.000574482,0.000574482,0.000574482
333,117754,0.7966,1.59719,0.5266,1.09715,0.9839,0.98135,0.99331,0.85577,0.9839,0.98135,0.99331,0.75987,0.57885,1.18589,1.02952,0.91903,0.000571181,0.000571181,0.000571181
334,118125,0.77058,1.56865,0.52348,1.08954,0.95689,0.95734,0.98768,0.81921,0.95636,0.95473,0.98789,0.72213,0.70377,1.33384,1.56885,1.0013,0.00056788,0.00056788,0.00056788
